,users
0,4767021
1,37651954
2,1663172653
3,5405152
4,3918111614
5,945817135816654848
6,4885277053
7,1076061
8,3840
9,14893345
10,1399766153053061121
11,1137701
12,998472493605076993
13,2530947115
14,783214
15,15726728
16,32372834
17,19562228
18,29472803
19,72862939
20,34719119
21,1605
22,18989355
23,300878435
24,541882699
25,38271276
26,11417802
27,895332160130891776
28,276540738
29,959471389282578432
30,17663776
31,2292565884
32,2993230373
33,1179892477714718721
34,76980293
35,958324785229934593
36,1720046887
37,2997418453
38,14486697
39,4914384040
40,30699048
41,177101260
42,1346194631982247943
43,1402156691186241538
44,3669881952
45,1068831
46,1359595748942372867
47,822825713615175680
48,1279551125264445448
49,16178922
50,2445883045
51,2235729541
52,33836629
53,85891683
54,23116280
55,776585502606721024
56,49310901
57,1024391197
58,1100520274200416256
59,3346820638
60,410605574
61,169686021
62,1201427034754318337
63,81961201
64,4398626122
65,175624200
66,1526643050
67,12
68,344538987
69,29873662
70,18208354
71,3167257102
72,2444425802
73,21292523
74,760345658
75,2263452746
76,2907774137
77,2263437272
78,3101588527
79,905158770107568133
80,26572460
81,25422302
82,446719282
83,19725644
84,987978757
85,150732943
86,2361631088
87,427089628
88,1091459141397180416
89,621573
90,851773048973807617
91,20972371
92,22677790
93,137857547
94,5943622
95,3429950987
96,7267562
97,64488804
98,1558996520
99,11150432
100,14171401
101,289476502
102,5402612
103,255784266
104,2436389418
105,176774540
106,692023
107,3511430425
108,729468343
109,19802879
110,1451773004
111,859816394556284929
112,511402689
113,1654188770
114,287568380
115,23504870
116,1582853809
117,2329316496
118,11348282
119,38430500
120,209811713
121,2251623492
122,1282121312
123,259771124
124,316327930
125,17248121
126,1182382878
127,16689804
128,13298072
129,34743251
